objectid,title,date,description,subject,location,latitude,longitude,source,identifier,type,format,language,translation,transcript,rights,rightsstatement,display_template,filename,object_location,image_small,image_thumb,object_transcript,object_translation
gae001,Chestnut Lodge #2,1970-11-20,,dogs; cats; bunnies;,,,,,0_Nov_20_70_Chestnut_Lodge_2,text,application/pdf,eng,,,,,pdf,0_Nov_20_70_Chestnut_Lodge_2.pdf,/objects/0_Nov_20_70_Chestnut_Lodge_2.pdf,/objects/small/0_nov_20_70_chestnut_lodge_2_sm.jpg,/objects/thumbs/0_nov_20_70_chestnut_lodge_2_th.jpg,,
gae002,Hunts_to_Gran,1971-10-28,,,,,,,10_Oct_28_71_Hunts_to_Gran,text,application/pdf,eng,,,,,pdf,10_Oct_28_71_Hunts_to_Gran.pdf,/objects/10_Oct_28_71_Hunts_to_Gran.pdf,/objects/small/10_oct_28_71_hunts_to_gran_sm.jpg,/objects/thumbs/10_oct_28_71_hunts_to_gran_th.jpg,,
gae003,G_to_Gran0,1971-11-02,,,,,,,11_Nov_2_71_G_to_Gran,text,application/pdf,eng,,,,,pdf,11_Nov_2_71_G_to_Gran.pdf,/objects/11_Nov_2_71_G_to_Gran.pdf,/objects/small/11_nov_2_71_g_to_gran_sm.jpg,/objects/thumbs/11_nov_2_71_g_to_gran_th.jpg,,
gae004,Paul_to_Gran,1971-11-07,,,,,,,12_Nov_7_71_Paul_to_Gran,text,application/pdf,eng,,,,,pdf,12_Nov_7_71_Paul_to_Gran.pdf,/objects/12_Nov_7_71_Paul_to_Gran.pdf,/objects/small/12_nov_7_71_paul_to_gran_sm.jpg,/objects/thumbs/12_nov_7_71_paul_to_gran_th.jpg,,
gae005,Chestnut_Lodge,1971-11-08,,,,,,,13_Nov_8_71_Chestnut_Lodge,text,application/pdf,eng,,,,,pdf,13_Nov_8_71_Chestnut_Lodge.pdf,/objects/13_Nov_8_71_Chestnut_Lodge.pdf,/objects/small/13_nov_8_71_chestnut_lodge_sm.jpg,/objects/thumbs/13_nov_8_71_chestnut_lodge_th.jpg,,
gae006,G_to_Gran1,1971-12-11,,,,,,,14_Dec_11_71_G_to_Gran,text,application/pdf,eng,,,,,pdf,14_Dec_11_71_G_to_Gran.pdf,/objects/14_Dec_11_71_G_to_Gran.pdf,/objects/small/14_dec_11_71_g_to_gran_sm.jpg,/objects/thumbs/14_dec_11_71_g_to_gran_th.jpg,,
gae007,G_to_Gran2,1971-12-17,,,,,,,15_Dec_17_71_G_to_Gran,text,application/pdf,eng,,,,,pdf,15_Dec_17_71_G_to_Gran.pdf,/objects/15_Dec_17_71_G_to_Gran.pdf,/objects/small/15_dec_17_71_g_to_gran_sm.jpg,/objects/thumbs/15_dec_17_71_g_to_gran_th.jpg,,
gae008,G_to_Gran3,1971-12-21,,,,,,,16_Dec_21_71_G_to_Gran,text,application/pdf,eng,,,,,pdf,16_Dec_21_71_G_to_Gran.pdf,/objects/16_Dec_21_71_G_to_Gran.pdf,/objects/small/16_dec_21_71_g_to_gran_sm.jpg,/objects/thumbs/16_dec_21_71_g_to_gran_th.jpg,,
gae009,Paul to Gran,1971-12-27,,,,,,,17_Dec_27_71_Paul_to_Gran,text,application/pdf,eng,,,,,pdf,17_Dec_27_71_Paul_to_Gran.pdf,/objects/17_Dec_27_71_Paul_to_Gran.pdf,/objects/small/17_dec_27_71_paul_to_gran_sm.jpg,/objects/thumbs/17_dec_27_71_paul_to_gran_th.jpg,,
gae010,Fiona to Gran1,1972-01-17,,,,,,,18_Jan_17_72_Fiona_to_Gran,text,application/pdf,eng,,,,,pdf,18_Jan_17_72_Fiona_to_Gran.pdf,/objects/18_Jan_17_72_Fiona_to_Gran.pdf,/objects/small/18_jan_17_72_fiona_to_gran_sm.jpg,/objects/thumbs/18_jan_17_72_fiona_to_gran_th.jpg,,
gae011,Divorce Pre,1975-09-19,,,,,,,19_Sep_19_75_Divorce_pre,text,application/pdf,eng,,,,,pdf,19_Sep_19_75_Divorce_pre.pdf,/objects/19_Sep_19_75_Divorce_pre.pdf,/objects/small/19_sep_19_75_divorce_pre_sm.jpg,/objects/thumbs/19_sep_19_75_divorce_pre_th.jpg,,
gae012,Peter_to_Gran,1971-06-17,,,,,,,1_Jun_17_71_Peter_to_Gran,text,application/pdf,eng,,,,,pdf,1_Jun_17_71_Peter_to_Gran.pdf,/objects/1_Jun_17_71_Peter_to_Gran.pdf,/objects/small/1_jun_17_71_peter_to_gran_sm.jpg,/objects/thumbs/1_jun_17_71_peter_to_gran_th.jpg,,
gae013,Divorce,1976-10-15,,,,,,,20_Oct_15_76_Divorce,text,application/pdf,eng,,,,,pdf,20_Oct_15_76_Divorce.pdf,/objects/20_Oct_15_76_Divorce.pdf,/objects/small/20_oct_15_76_divorce_sm.jpg,/objects/thumbs/20_oct_15_76_divorce_th.jpg,,
gae014,Chestnut_Lodge_discharge,1971-07-07,,,,,,,2_Jul_7_71_Chestnut_Lodge_discharge,text,application/pdf,eng,,,,,pdf,2_Jul_7_71_Chestnut_Lodge_discharge.pdf,/objects/2_Jul_7_71_Chestnut_Lodge_discharge.pdf,/objects/small/2_jul_7_71_chestnut_lodge_discharge_sm.jpg,/objects/thumbs/2_jul_7_71_chestnut_lodge_discharge_th.jpg,,
gae015,Rosamunde_to_Gran,1971-08-02,,,,,,,3_Aug_2_71_Rosamunde_to_Gran,text,application/pdf,eng,,,,,pdf,3_Aug_2_71_Rosamunde_to_Gran.pdf,/objects/3_Aug_2_71_Rosamunde_to_Gran.pdf,/objects/small/3_aug_2_71_rosamunde_to_gran_sm.jpg,/objects/thumbs/3_aug_2_71_rosamunde_to_gran_th.jpg,,
gae016,G_to_Gran4,1971-08-28,,,,,,,4_Aug_28_71_G_to_Gran,text,application/pdf,eng,,,,,pdf,4_Aug_28_71_G_to_Gran.pdf,/objects/4_Aug_28_71_G_to_Gran.pdf,/objects/small/4_aug_28_71_g_to_gran_sm.jpg,/objects/thumbs/4_aug_28_71_g_to_gran_th.jpg,,
gae017,G_to_Gran5,1971-08-30,,,,,,,5_Aug_30_71_G_to_Gran,text,application/pdf,eng,,,,,pdf,5_Aug_30_71_G_to_Gran.pdf,/objects/5_Aug_30_71_G_to_Gran.pdf,/objects/small/5_aug_30_71_g_to_gran_sm.jpg,/objects/thumbs/5_aug_30_71_g_to_gran_th.jpg,,
gae018,G_to_Gran6,1971-09-28,,,,,,,6_Sep_28_71_G_to_Gran,text,application/pdf,eng,,,,,pdf,6_Sep_28_71_G_to_Gran.pdf,/objects/6_Sep_28_71_G_to_Gran.pdf,/objects/small/6_sep_28_71_g_to_gran_sm.jpg,/objects/thumbs/6_sep_28_71_g_to_gran_th.jpg,,
gae019,G_to_Gran7,1971-10-04,,,,,,,7_Oct_4_71_-_G_to_Gran,text,application/pdf,eng,,,,,pdf,7_Oct_4_71_-_G_to_Gran.pdf,/objects/7_Oct_4_71_-_G_to_Gran.pdf,/objects/small/7_oct_4_71_-_g_to_gran_sm.jpg,/objects/thumbs/7_oct_4_71_-_g_to_gran_th.jpg,,
gae020,Fiona_to_Gran,1971-10-07,,,,,,,8_Oct_7_71_Fiona_to_Gran,text,application/pdf,eng,,,,,pdf,8_Oct_7_71_Fiona_to_Gran.pdf,/objects/8_Oct_7_71_Fiona_to_Gran.pdf,/objects/small/8_oct_7_71_fiona_to_gran_sm.jpg,/objects/thumbs/8_oct_7_71_fiona_to_gran_th.jpg,,
gae021,G_to_Gran8,1971-10-08,,,,,,,9_Oct_8_71_G_to_Gran,text,application/pdf,eng;fra,,,,,pdf,9_Oct_8_71_G_to_Gran.pdf,/objects/9_Oct_8_71_G_to_Gran.pdf,/objects/small/9_oct_8_71_g_to_gran_sm.jpg,/objects/thumbs/9_oct_8_71_g_to_gran_th.jpg,,
gae022,Banana_Split,,,,,43.83904832,4.404398447,,Banana_Split,image;StillImage,image/jpeg,eng;fra,,,,,image,Banana_Split.jpg,/objects/Banana_Split.jpg,/objects/small/banana_split_sm.jpg,/objects/thumbs/banana_split_th.jpg,,
gae023,Gaetane_and_Helene_at_Mediterannean,,,,,43.83904832,4.404398447,,Gaetane_and_Helene_at_Mediterannean,image;StillImage,image/jpeg,eng;fra,,,,,image,Gaetane_and_Helene_at_Mediterannean.jpg,/objects/Gaetane_and_Helene_at_Mediterannean.jpg,/objects/small/gaetane_and_helene_at_mediterannean_sm.jpg,/objects/thumbs/gaetane_and_helene_at_mediterannean_th.jpg,,
gae024,Gaetane_and_Vane-Hunts,,,,,43.83904832,4.404398447,,Gaetane_and_Vane-Hunts,image;StillImage,image/jpeg,eng;fra,,,,,image,Gaetane_and_Vane-Hunts.jpeg,/objects/Gaetane_and_Vane-Hunts.jpeg,/objects/small/gaetane_and_vane-hunts_sm.jpg,/objects/thumbs/gaetane_and_vane-hunts_th.jpg,,
gae025,Gaetane_at_Mas_Lombard,,,,,43.83904832,4.404398447,,Gaetane_at_Mas_Lombard,image;StillImage,image/jpeg,eng;fra,,,,,image,Gaetane_at_Mas_Lombard.jpg,/objects/Gaetane_at_Mas_Lombard.jpg,/objects/small/gaetane_at_mas_lombard_sm.jpg,/objects/thumbs/gaetane_at_mas_lombard_th.jpg,,
gae026,Gaetane_in_Studio,,,,,43.83904832,4.404398447,,Gaetane_in_Studio,image;StillImage,image/jpeg,eng;fra,,,,,image,Gaetane_in_Studio.jpg,/objects/Gaetane_in_Studio.jpg,/objects/small/gaetane_in_studio_sm.jpg,/objects/thumbs/gaetane_in_studio_th.jpg,,
gae027,Hiking_Gaetane_Pipelou_and_others,,,,,43.83904832,4.404398447,,Hiking_Gaetane_Pipelou_and_others,image;StillImage,image/jpeg,eng;fra,,,,,image,Hiking_Gaetane_Pipelou_and_others.png,/objects/Hiking_Gaetane_Pipelou_and_others.png,/objects/small/hiking_gaetane_pipelou_and_others_sm.jpg,/objects/thumbs/hiking_gaetane_pipelou_and_others_th.jpg,,
gae028,Olivia_and_Pipelou_and_Paul,,,,,43.83904832,4.404398447,,Olivia_and_Pipelou_and_Paul,image;StillImage,image/jpeg,eng;fra,,,,,image,Olivia_and_Pipelou_and_Paul.jpg,/objects/Olivia_and_Pipelou_and_Paul.jpg,/objects/small/olivia_and_pipelou_and_paul_sm.jpg,/objects/thumbs/olivia_and_pipelou_and_paul_th.jpg,,
gae029,Pottery Class,,,How they met,,,,,Day2_01-Pottery-Class-Day2-6-How-they-met,image;MovingImage,video/mp4,fra,en,fr,,,video,Day2_1-Pottery-Class-Day2-6-How-they-met,https://cdil.lib.uidaho.edu/gaetane/videos/Day2_1-Pottery-Class-Day2-6-How-they-met.mp4,,,/assets/captions/gae029.vtt,/assets/captions/gae029-en.vtt
gae030,Horrified by the paintings,,,How they met,,,,,Day2_02-Horrified-by-the-paintings-Day2-6-How-they-met,image;MovingImage,video/mp15,fra,en,fr,,,video,Day2_2-Horrified-by-the-paintings-Day2-6-How-they-met,https://cdil.lib.uidaho.edu/gaetane/videos/Day2_2-Horrified-by-the-paintings-Day2-6-How-they-met.mp4,,,/assets/captions/gae030.vtt,/assets/captions/gae030-en.vtt
gae031,Eating cheeseburgers,,,How they met,,,,,Day2_03-Eating-cheeseburgers-Day2-6-How-they-met,image;MovingImage,video/mp23,fra,en,fr,,,video,Day2_3-Eating-cheeseburgers-Day2-6-How-they-met,https://cdil.lib.uidaho.edu/gaetane/videos/Day2_3-Eating-cheeseburgers-Day2-6-How-they-met.mp4,,,/assets/captions/gae031.vtt,/assets/captions/gae031-en.vtt
gae032,Tried to kiss,,,How they met,,,,,Day2_04-Tried-to-kiss-Day2-6-How-they-met,image;MovingImage,video/mp24,fra,en,fr,,,video,Day2_4-Tried-to-kiss-Day2-6-How-they-met,https://cdil.lib.uidaho.edu/gaetane/videos/Day2_4-Tried-to-kiss-Day2-6-How-they-met.mp4,,,/assets/captions/gae032.vtt,/assets/captions/gae032-en.vtt
gae033,Moving in together,,,How they met,,,,,Day2_05-Moving-in-togetherDay2-6-How-they-met,image;MovingImage,video/mp25,fra,en,fr,,,video,Day2_5-Moving-in-togetherDay2-6-How-they-met,https://cdil.lib.uidaho.edu/gaetane/videos/Day2_5-Moving-in-togetherDay2-6-How-they-met.mp4,,,/assets/captions/gae033.vtt,/assets/captions/gae033-en.vtt
gae034,Leaking roof,,,How they met,,,,,Day2_06-Leaking-roofDay2-6-How-they-met,image;MovingImage,video/mp26,fra,en,fr,,,video,Day2_6-Leaking-roofDay2-6-How-they-met,https://cdil.lib.uidaho.edu/gaetane/videos/Day2_6-Leaking-roofDay2-6-How-they-met.mp4,,,/assets/captions/gae034.vtt,/assets/captions/gae034-en.vtt
gae035,Dad's workshop,,,How they met,,,,,Day2_07-Dad's-workshop-Day2-7-How-they-met,image;MovingImage,video/mp27,fra,en,fr,,,video,Day2_7-Dad's-workshop-Day2-7-How-they-met,https://cdil.lib.uidaho.edu/gaetane/videos/Day2_7-Dad's-workshop-Day2-7-How-they-met.mp4,,,/assets/captions/gae035.vtt,/assets/captions/gae035-en.vtt
gae036,Paint with Rosamund,,,How they met,,,,,Day2_08-Paint-with-Rosamund-Day2-7-How-they-met,image;MovingImage,video/mp28,fra,en,fr,,,video,Day2_8-Paint-with-Rosamund-Day2-7-How-they-met,https://cdil.lib.uidaho.edu/gaetane/videos/Day2_8-Paint-with-Rosamund-Day2-7-How-they-met.mp4,,,/assets/captions/gae036.vtt,/assets/captions/gae036-en.vtt
gae037,Violent paintings,,,How they met,,,,,Day2_09-Violent-paintings-Day2-7-How-they-met,image;MovingImage,video/mp29,fra,en,fr,,,video,Day2_9-Violent-paintings-Day2-7-How-they-met,https://cdil.lib.uidaho.edu/gaetane/videos/Day2_9-Violent-paintings-Day2-7-How-they-met.mp4,,,/assets/captions/gae037.vtt,/assets/captions/gae037-en.vtt
gae038,Violence in art,,,How they met,,,,,Day2_10-Violence-in-artDay2-7-How-they-met,image;MovingImage,video/mp5,fra,en,fr,,,video,Day2_10-Violence-in-artDay2-7-How-they-met,https://cdil.lib.uidaho.edu/gaetane/videos/Day2_10-Violence-in-artDay2-7-How-they-met.mp4,,,/assets/captions/gae038.vtt,/assets/captions/gae038-en.vtt
gae039,No water at Fiona's Mas,,,How they met,,,,,Day2_11-No-water-at-Fiona's-Mas-Day2-7-How-they-met,image;MovingImage,video/mp6,fra,en,fr,,,video,Day2_11-No-water-at-Fiona's-Mas-Day2-7-How-they-met,https://cdil.lib.uidaho.edu/gaetane/videos/Day2_11-No-water-at-Fiona's-Mas-Day2-7-How-they-met.mp4,,,/assets/captions/gae039.vtt,/assets/captions/gae039-en.vtt
gae040,Fiona insults,,,How they met,,,,,Day2_12-Fiona-insultsDay2-7-How-they-met,image;MovingImage,video/mp7,fra,en,fr,,,video,Day2_12-Fiona-insultsDay2-7-How-they-met,https://cdil.lib.uidaho.edu/gaetane/videos/Day2_12-Fiona-insultsDay2-7-How-they-met.mp4,,,/assets/captions/gae040.vtt,/assets/captions/gae040-en.vtt
gae041,Unaccepting family,,,How they met,,,,,Day2_13-Unaccepting-familyDay2-7-How-they-met,image;MovingImage,video/mp8,fra,en,fr,,,video,Day2_13-Unaccepting-familyDay2-7-How-they-met,https://cdil.lib.uidaho.edu/gaetane/videos/Day2_13-Unaccepting-familyDay2-7-How-they-met.mp4,,,/assets/captions/gae041.vtt,/assets/captions/gae041-en.vtt
gae042,Meeting Renee,,,Coming to Canada,,,,,Day2_14-Meeting-ReneeDay2-8-Coming-to-Canada,image;MovingImage,video/mp9,fra,en,fr,,,video,Day2_14-Meeting-ReneeDay2-8-Coming-to-Canada,https://cdil.lib.uidaho.edu/gaetane/videos/Day2_14-Meeting-ReneeDay2-8-Coming-to-Canada.mp4,,,/assets/captions/gae042.vtt,/assets/captions/gae042-en.vtt
gae043,Living with Nell,,,Coming to Canada,,,,,Day2_15-Living-with-NellDay2-8-Coming-to-Canada,image;MovingImage,video/mp10,fra,en,fr,,,video,Day2_15-Living-with-NellDay2-8-Coming-to-Canada,https://cdil.lib.uidaho.edu/gaetane/videos/Day2_15-Living-with-NellDay2-8-Coming-to-Canada.mp4,,,/assets/captions/gae043.vtt,/assets/captions/gae043-en.vtt
gae044,Why she acts out,,,Coming to Canada,,,,,Day2_16-Why-she-acts-outDay2-8-Coming-to-Canada,image;MovingImage,video/mp11,fra,en,fr,,,video,Day2_16-Why-she-acts-outDay2-8-Coming-to-Canada,https://cdil.lib.uidaho.edu/gaetane/videos/Day2_16-Why-she-acts-outDay2-8-Coming-to-Canada.mp4,,,/assets/captions/gae044.vtt,/assets/captions/gae044-en.vtt
gae045,What will we do with Bambi,,,Coming to Canada,,,,,Day2_17-What-will-we-do-with-BambiDay2-8-Coming-to-Canada,image;MovingImage,video/mp12,fra,en,fr,,,video,Day2_17-What-will-we-do-with-BambiDay2-8-Coming-to-Canada,https://cdil.lib.uidaho.edu/gaetane/videos/Day2_17-What-will-we-do-with-BambiDay2-8-Coming-to-Canada.mp4,,,/assets/captions/gae045.vtt,/assets/captions/gae045-en.vtt
gae046,Leaving the school,,,Coming to Canada,,,,,Day2_18-Leaving-the-schoolDay2-8-Coming-to-Canada,image;MovingImage,video/mp13,fra,en,fr,,,video,Day2_18-Leaving-the-schoolDay2-8-Coming-to-Canada,https://cdil.lib.uidaho.edu/gaetane/videos/Day2_18-Leaving-the-schoolDay2-8-Coming-to-Canada.mp4,,,/assets/captions/gae046.vtt,/assets/captions/gae046-en.vtt
gae047,Bambi,,,Bambi,,,,,Day2_19-Bambi-Day2-9-Bambi,image;MovingImage,video/mp14,fra,en,fr,,,video,Day2_19-Bambi-Day2-9-Bambi,https://cdil.lib.uidaho.edu/gaetane/videos/Day2_19-Bambi-Day2-9-Bambi.mp4,,,/assets/captions/gae047.vtt,/assets/captions/gae047-en.vtt
gae048,Detained in Van,,,Bambi,,,,,Day2_20-Detained-in-VanDay2-9-Bambi,image;MovingImage,video/mp16,fra,en,fr,,,video,Day2_20-Detained-in-VanDay2-9-Bambi,https://cdil.lib.uidaho.edu/gaetane/videos/Day2_20-Detained-in-VanDay2-9-Bambi.mp4,,,/assets/captions/gae048.vtt,/assets/captions/gae048-en.vtt
gae049,Prison LOTF,,,Bambi,,,,,Day2_21-Prison-LOTFDay2-9-Bambi,image;MovingImage,video/mp17,fra,en,fr,,,video,Day2_21-Prison-LOTFDay2-9-Bambi,https://cdil.lib.uidaho.edu/gaetane/videos/Day2_21-Prison-LOTFDay2-9-Bambi.mp4,,,/assets/captions/gae049.vtt,/assets/captions/gae049-en.vtt
gae050,Prison Clean,,,Pre Hospital,,,,,Day2_22-Prison-CleanDay2-10-Pre-Hospital,image;MovingImage,video/mp18,fra,en,fr,,,video,Day2_22-Prison-CleanDay2-10-Pre-Hospital,https://cdil.lib.uidaho.edu/gaetane/videos/Day2_22-Prison-CleanDay2-10-Pre-Hospital.mp4,,,/assets/captions/gae050.vtt,/assets/captions/gae050-en.vtt
gae051,Prison pour enfants,,,Pre hospital,,,,,Day2_23-Prison-pour-enfantsDay2-10-Pre-hospital,image;MovingImage,video/mp19,fra,en,fr,,,video,Day2_23-Prison-pour-enfantsDay2-10-Pre-hospital,https://cdil.lib.uidaho.edu/gaetane/videos/Day2_23-Prison-pour-enfantsDay2-10-Pre-hospital.mp4,,,/assets/captions/gae051.vtt,/assets/captions/gae051-en.vtt
gae052,Prise au piege,,,Pre hospital,,,,,Day2_24-Prise-au-piegeDay2-10-Pre-hospital,image;MovingImage,video/mp20,fra,en,fr,,,video,Day2_24-Prise-au-piegeDay2-10-Pre-hospital,https://cdil.lib.uidaho.edu/gaetane/videos/Day2_24-Prise-au-piegeDay2-10-Pre-hospital.mp4,,,/assets/captions/gae052.vtt,/assets/captions/gae052-en.vtt
gae053,Too exuberant,,,Pre hospital,,,,,Day2_25-Too-exuberantDay2-10-Pre-hospital,image;MovingImage,video/mp21,fra,en,fr,,,video,Day2_25-Too-exuberantDay2-10-Pre-hospital,https://cdil.lib.uidaho.edu/gaetane/videos/Day2_25-Too-exuberantDay2-10-Pre-hospital.mp4,,,/assets/captions/gae053.vtt,/assets/captions/gae053-en.vtt
gae054,Ferry pickup,,,Pre hospital,,,,,Day2_26-Ferry-pickupDay2-10-Pre-hospital,image;MovingImage,video/mp22,fra,en,fr,,,video,Day2_26-Ferry-pickupDay2-10-Pre-hospital,https://cdil.lib.uidaho.edu/gaetane/videos/Day2_26-Ferry-pickupDay2-10-Pre-hospital.mp4,,,/assets/captions/gae054.vtt,/assets/captions/gae054-en.vtt
gae055,Infiniment triste,,,Interview TS,,,,,Day6_01-Infiniment-tristeDay6-15-Interview-TS,image;MovingImage,video/mp30,fra,en,fr,,,video,Day6_1-Infiniment-tristeDay6-15-Interview-TS,https://cdil.lib.uidaho.edu/gaetane/videos/Day6_1-Infiniment-tristeDay6-15-Interview-TS.mp4,,,/assets/captions/gae055.vtt,/assets/captions/gae055-en.vtt
gae056,First 24,,,Interview TS,,,,,Day6_02-First-24Day6-15-Interview-TS,image;MovingImage,video/mp42,fra,en,fr,,,video,Day6_2-First-24Day6-15-Interview-TS,https://cdil.lib.uidaho.edu/gaetane/videos/Day6_2-First-24Day6-15-Interview-TS.mp4,,,/assets/captions/gae056.vtt,/assets/captions/gae056-en.vtt
gae057,10 years,,,Interview TS,,,,,Day6_03-10-yearsDay6-15-Interview-TS,image;MovingImage,video/mp48,fra,en,fr,,,video,Day6_3-10-yearsDay6-15-Interview-TS,https://cdil.lib.uidaho.edu/gaetane/videos/Day6_3-10-yearsDay6-15-Interview-TS.mp4,,,/assets/captions/gae057.vtt,/assets/captions/gae057-en.vtt
gae058,Escape attempt,,,Interview TS,,,,,Day6_04-Escape-attemptDay6-15-Interview-TS,image;MovingImage,video/mp49,fra,en,fr,,,video,Day6_4-Escape-attemptDay6-15-Interview-TS,https://cdil.lib.uidaho.edu/gaetane/videos/Day6_4-Escape-attemptDay6-15-Interview-TS.mp4,,,/assets/captions/gae058.vtt,/assets/captions/gae058-en.vtt
gae059,Leaving w Peter,,,Interview TS,,,,,Day6_05-Leaving-w-Peter-Day6-15-Interview-TS,image;MovingImage,video/mp50,fra,en,fr,,,video,Day6_5-Leaving-w-Peter-Day6-15-Interview-TS,https://cdil.lib.uidaho.edu/gaetane/videos/Day6_5-Leaving-w-Peter-Day6-15-Interview-TS.mp4,,,/assets/captions/gae059.vtt,/assets/captions/gae059-en.vtt
gae060,Marriage,,,Interview TS,,,,,Day6_06-Marriage-Day6-15-Interview-TS,image;MovingImage,video/mp51,fra,en,fr,,,video,Day6_6-Marriage-Day6-15-Interview-TS,https://cdil.lib.uidaho.edu/gaetane/videos/Day6_6-Marriage-Day6-15-Interview-TS.mp4,,,/assets/captions/gae060.vtt,/assets/captions/gae060-en.vtt
gae061,Male therapist,,,Interview TS,,,,,Day6_07-Male-therapist-Day6-15-Interview-TS,image;MovingImage,video/mp52,fra,en,fr,,,video,Day6_7-Male-therapist-Day6-15-Interview-TS,https://cdil.lib.uidaho.edu/gaetane/videos/Day6_7-Male-therapist-Day6-15-Interview-TS.mp4,,,/assets/captions/gae061.vtt,/assets/captions/gae061-en.vtt
gae062,Roommate,,,Interview TS,,,,,Day6_08-RoommateDay6-15-Interview-TS,image;MovingImage,video/mp53,fra,en,fr,,,video,Day6_8-RoommateDay6-15-Interview-TS,https://cdil.lib.uidaho.edu/gaetane/videos/Day6_8-RoommateDay6-15-Interview-TS.mp4,,,/assets/captions/gae062.vtt,/assets/captions/gae062-en.vtt
gae063,Jewish patients,,,Interview TS,,,,,Day6_09-Jewish-patientsDay6-15-Interview-TS,image;MovingImage,video/mp54,fra,en,fr,,,video,Day6_9-Jewish-patientsDay6-15-Interview-TS,https://cdil.lib.uidaho.edu/gaetane/videos/Day6_9-Jewish-patientsDay6-15-Interview-TS.mp4,,,/assets/captions/gae063.vtt,/assets/captions/gae063-en.vtt
gae064,Empty house dream,,,Interview TS,,,,,Day6_10-Empty-house-dreamDay6-16-Interview-TS,image;MovingImage,video/mp31,fra,en,fr,,,video,Day6_10-Empty-house-dreamDay6-16-Interview-TS,https://cdil.lib.uidaho.edu/gaetane/videos/Day6_10-Empty-house-dreamDay6-16-Interview-TS.mp4,,,/assets/captions/gae064.vtt,/assets/captions/gae064-en.vtt
gae065,Environment society,,,Interview TS,,,,,Day6_11-Environment-societyDay6-17-Interview-TS,image;MovingImage,video/mp32,fra,en,fr,,,video,Day6_11-Environment-societyDay6-17-Interview-TS,https://cdil.lib.uidaho.edu/gaetane/videos/Day6_11-Environment-societyDay6-17-Interview-TS.mp4,,,/assets/captions/gae065.vtt,/assets/captions/gae065-en.vtt
gae066,Accepting sexuality,,,Interview TS,,,,,Day6_12-Accepting-sexuality-Day6-17-Interview-TS,image;MovingImage,video/mp33,fra,en,fr,,,video,Day6_12-Accepting-sexuality-Day6-17-Interview-TS,https://cdil.lib.uidaho.edu/gaetane/videos/Day6_12-Accepting-sexuality-Day6-17-Interview-TS.mp4,,,/assets/captions/gae066.vtt,/assets/captions/gae066-en.vtt
gae067,Helene family,,,Interview TS,,,,,Day6_13-Helene-familyDay6-21-Interview-TS,image;MovingImage,video/mp34,fra,en,fr,,,video,Day6_13-Helene-familyDay6-21-Interview-TS,https://cdil.lib.uidaho.edu/gaetane/videos/Day6_13-Helene-familyDay6-21-Interview-TS.mp4,,,/assets/captions/gae067.vtt,/assets/captions/gae067-en.vtt
gae068,Fleeing yourself,,,Interview TS,,,,,Day6_14-Fleeing-yourselfDay6-22-Interview-TS,image;MovingImage,video/mp35,fra,en,fr,,,video,Day6_14-Fleeing-yourselfDay6-22-Interview-TS,https://cdil.lib.uidaho.edu/gaetane/videos/Day6_14-Fleeing-yourselfDay6-22-Interview-TS.mp4,,,/assets/captions/gae068.vtt,/assets/captions/gae068-en.vtt
gae069,Michel's Suicide,,,Interview TS,,,,,Day6_15-Michel's-SuicideDay6-23-Interview-TS,image;MovingImage,video/mp36,fra,en,fr,,,video,Day6_15-Michel's-SuicideDay6-23-Interview-TS,https://cdil.lib.uidaho.edu/gaetane/videos/Day6_15-Michel's-SuicideDay6-23-Interview-TS.mp4,,,/assets/captions/gae069.vtt,/assets/captions/gae069-en.vtt
gae070,Sent away again,,,Interview TS,,,,,Day6_15-Sent-away-againDay6-22-Interview-TS,image;MovingImage,video/mp37,fra,en,fr,,,video,Day6_15-Sent-away-againDay6-22-Interview-TS,https://cdil.lib.uidaho.edu/gaetane/videos/Day6_15-Sent-away-againDay6-22-Interview-TS.mp4,,,/assets/captions/gae070.vtt,/assets/captions/gae070-en.vtt
gae071,Helene's work,,,Interview TS,,,,,Day6_16-Helene's-workDay6-24-Interview-TS,image;MovingImage,video/mp38,fra,en,fr,,,video,Day6_16-Helene's-workDay6-24-Interview-TS,https://cdil.lib.uidaho.edu/gaetane/videos/Day6_16-Helene's-workDay6-24-Interview-TS.mp4,,,/assets/captions/gae071.vtt,/assets/captions/gae071-en.vtt
gae072,Helene mami,,,Interview TS,,,,,Day6_17-Helene-mamiDay6-24-Interview-TS,image;MovingImage,video/mp39,fra,en,fr,,,video,Day6_17-Helene-mamiDay6-24-Interview-TS,https://cdil.lib.uidaho.edu/gaetane/videos/Day6_17-Helene-mamiDay6-24-Interview-TS.mp4,,,/assets/captions/gae072.vtt,/assets/captions/gae072-en.vtt
gae073,Acupuncture,,,Interview TS,,,,,Day6_18-AcupunctureDay6-25-Interview-TS,image;MovingImage,video/mp40,fra,en,fr,,,video,Day6_18-AcupunctureDay6-25-Interview-TS,https://cdil.lib.uidaho.edu/gaetane/videos/Day6_18-AcupunctureDay6-25-Interview-TS.mp4,,,/assets/captions/gae073.vtt,/assets/captions/gae073-en.vtt
gae074,River dream,,,Interview TS,,,,,Day6_19-River-dreamDay6-25-Interview-TS,image;MovingImage,video/mp41,fra,en,fr,,,video,Day6_19-River-dreamDay6-25-Interview-TS,https://cdil.lib.uidaho.edu/gaetane/videos/Day6_19-River-dreamDay6-25-Interview-TS.mp4,,,/assets/captions/gae074.vtt,/assets/captions/gae074-en.vtt
gae075,Acupuncture,,,Interview TS,,,,,Day6_20-AcupunctureDay6-26-Interview-TS,image;MovingImage,video/mp43,fra,en,fr,,,video,Day6_20-AcupunctureDay6-26-Interview-TS,https://cdil.lib.uidaho.edu/gaetane/videos/Day6_20-AcupunctureDay6-26-Interview-TS.mp4,,,/assets/captions/gae075.vtt,/assets/captions/gae075-en.vtt
gae076,Money,,,Interview TS,,,,,Day6_21-MoneyDay6-26-Interview-TS,image;MovingImage,video/mp44,fra,en,fr,,,video,Day6_21-MoneyDay6-26-Interview-TS,https://cdil.lib.uidaho.edu/gaetane/videos/Day6_21-MoneyDay6-26-Interview-TS.mp4,,,/assets/captions/gae076.vtt,/assets/captions/gae076-en.vtt
gae077,Bambi,,,Interview TS,,,,,Day6_22-BambiDay6-26-Interview-TS,image;MovingImage,video/mp45,fra,en,fr,,,video,Day6_22-BambiDay6-26-Interview-TS,https://cdil.lib.uidaho.edu/gaetane/videos/Day6_22-BambiDay6-26-Interview-TS.mp4,,,/assets/captions/gae077.vtt,/assets/captions/gae077-en.vtt
gae078,More Bambi,,,Interview TS,,,,,Day6_23-More-BambiDay6-27-Interview-TS,image;MovingImage,video/mp46,fra,en,fr,,,video,Day6_23-More-BambiDay6-27-Interview-TS,https://cdil.lib.uidaho.edu/gaetane/videos/Day6_23-More-BambiDay6-27-Interview-TS.mp4,,,/assets/captions/gae078.vtt,/assets/captions/gae078-en.vtt
gae079,No rancor for FIona,,,Interview TS,,,,,Day6_24-No-rancor-for-FIonaDay6-28-Interview-TS,image;MovingImage,video/mp47,fra,en,fr,,,video,Day6_24-No-rancor-for-FIonaDay6-28-Interview-TS,https://cdil.lib.uidaho.edu/gaetane/videos/Day6_24-No-rancor-for-FIonaDay6-28-Interview-TS.mp4,,,/assets/captions/gae079.vtt,/assets/captions/gae079-en.vtt
gae080,Art and Medicine,,,Studio Tour TS,,,,,Day7_01-Art_and_MedicineDay7-6-Studio_tour_TS.mp4,image;MovingImage,video/mp55,fra,en,fr,,,video,Day7_1-Art_and_MedicineDay7-6-Studio_tour_TS.mp4,https://cdil.lib.uidaho.edu/gaetane/videos/Day7_1-Art_and_MedicineDay7-6-Studio_tour_TS.mp4,,,/assets/captions/gae080.vtt,/assets/captions/gae080-en.vtt
gae081,Art therapy,,,Studio Tour TS,,,,,Day7_02-Art_therapyDay7-6-Studio_tour_TS.mp4,image;MovingImage,video/mp61,fra,en,fr,,,video,Day7_2-Art_therapyDay7-6-Studio_tour_TS.mp4,https://cdil.lib.uidaho.edu/gaetane/videos/Day7_2-Art_therapyDay7-6-Studio_tour_TS.mp4,,,/assets/captions/gae081.vtt,/assets/captions/gae081-en.vtt
gae082,Inherited anger,,,Studio Tour TS,,,,,Day7_03-Inherited_angerDay7-6-Studio_tour_TS.mp4,image;MovingImage,video/mp62,fra,en,fr,,,video,Day7_3-Inherited_angerDay7-6-Studio_tour_TS.mp4,https://cdil.lib.uidaho.edu/gaetane/videos/Day7_3-Inherited_angerDay7-6-Studio_tour_TS.mp4,,,/assets/captions/gae082.vtt,/assets/captions/gae082-en.vtt
gae083,Healing,,,Studio Tour TS,,,,,Day7_04-HealingDay7-6-Studio_tour_TS.mp4,image;MovingImage,video/mp63,fra,en,fr,,,video,Day7_4-HealingDay7-6-Studio_tour_TS.mp4,https://cdil.lib.uidaho.edu/gaetane/videos/Day7_4-HealingDay7-6-Studio_tour_TS.mp4,,,/assets/captions/gae083.vtt,
gae084,soft paintings,,,Studio Tour TS,,,,,Day7_05-soft_paintingsDay7-6-Studio_tour_TS.mp4,image;MovingImage,video/mp64,fra,en,fr,,,video,Day7_5-soft_paintingsDay7-6-Studio_tour_TS.mp4,https://cdil.lib.uidaho.edu/gaetane/videos/Day7_5-soft_paintingsDay7-6-Studio_tour_TS.mp4,,,/assets/captions/gae084.vtt,/assets/captions/gae084-en.vtt
gae085,which way up,,,Studio Tour TS,,,,,Day7_06-which_way_upDay7-6-Studio_tour_TS.mp4,image;MovingImage,video/mp65,fra,en,fr,,,video,Day7_6-which_way_upDay7-6-Studio_tour_TS.mp4,https://cdil.lib.uidaho.edu/gaetane/videos/Day7_6-which_way_upDay7-6-Studio_tour_TS.mp4,,,/assets/captions/gae085.vtt,/assets/captions/gae085-en.vtt
gae086,Dolphins,,,Studio Tour TS,,,,,Day7_07-DolphinsDay7-10-Studio_tour_TS.mp4,image;MovingImage,video/mp66,fra,en,fr,,,video,Day7_7-DolphinsDay7-10-Studio_tour_TS.mp4,https://cdil.lib.uidaho.edu/gaetane/videos/Day7_7-DolphinsDay7-10-Studio_tour_TS.mp4,,,/assets/captions/gae086.vtt,/assets/captions/gae086-en.vtt
gae087,Horizontal art,,,Studio Tour TS,,,,,Day7_08-Horizontal_artDay7-10-Studio_tour_TS.mp4,image;MovingImage,video/mp67,fra,en,fr,,,video,Day7_8-Horizontal_artDay7-10-Studio_tour_TS.mp4,https://cdil.lib.uidaho.edu/gaetane/videos/Day7_8-Horizontal_artDay7-10-Studio_tour_TS.mp4,,,/assets/captions/gae087.vtt,/assets/captions/gae087-en.vtt
gae088,Paintings on chair,,,Studio Tour TS,,,,,Day7_09-Paintings_on_chairDay7-10-Studio_tour_TS.mp4,image;MovingImage,video/mp68,fra,en,fr,,,video,Day7_9-Paintings_on_chairDay7-10-Studio_tour_TS.mp4,https://cdil.lib.uidaho.edu/gaetane/videos/Day7_9-Paintings_on_chairDay7-10-Studio_tour_TS.mp4,,,/assets/captions/gae088.vtt,/assets/captions/gae088-en.vtt
gae089,Horse paintings - 'gentle but violent',,,Studio Tour TS,,,,,Day7_10-Horse_paintings_-_gentle_but_violentDay7-10-Studio_tour_TS.mp4,image;MovingImage,video/mp56,fra,en,fr,,,video,Day7_10-Horse_paintings_-_gentle_but_violentDay7-10-Studio_tour_TS.mp4,https://cdil.lib.uidaho.edu/gaetane/videos/Day7_10-Horse_paintings_-_gentle_but_violentDay7-10-Studio_tour_TS.mp4,,,/assets/captions/gae089.vtt,/assets/captions/gae089-en.vtt
gae090,Ocean painting,,,Studio Tour TS,,,,,Day7_11-Ocean_paintingDay7-12-Studio_tour_TS.mp4,image;MovingImage,video/mp57,fra,en,fr,,,video,Day7_11-Ocean_paintingDay7-12-Studio_tour_TS.mp4,https://cdil.lib.uidaho.edu/gaetane/videos/Day7_11-Ocean_paintingDay7-12-Studio_tour_TS.mp4,,,/assets/captions/gae090.vtt,/assets/captions/gae090-en.vtt
gae091,Vif et gai,,,Studio Tour TS,,,,,Day7_12-Vif_et_gaiDay7-14-Studio_tour_TS.mp4,image;MovingImage,video/mp58,fra,en,fr,,,video,Day7_12-Vif_et_gaiDay7-14-Studio_tour_TS.mp4,https://cdil.lib.uidaho.edu/gaetane/videos/Day7_12-Vif_et_gaiDay7-14-Studio_tour_TS.mp4,,,/assets/captions/gae091.vtt,/assets/captions/gae091-en.vtt
gae092,Paintings,,,Studio Tour TS,,,,,Day7_13-PaintingsDay7-15-Studio_tour_TS.mp4,image;MovingImage,video/mp59,fra,en,fr,,,video,Day7_13-PaintingsDay7-15-Studio_tour_TS.mp4,https://cdil.lib.uidaho.edu/gaetane/videos/Day7_13-PaintingsDay7-15-Studio_tour_TS.mp4,,,/assets/captions/gae092.vtt,/assets/captions/gae092-en.vtt
gae093,Paul Butti,,,Studio Tour TS,,,,,Day7_14-Paul_ButtiDay7-15-Studio_tour_TS.mp4,image;MovingImage,video/mp60,fra,en,fr,,,video,Day7_14-Paul_ButtiDay7-15-Studio_tour_TS.mp4,https://cdil.lib.uidaho.edu/gaetane/videos/Day7_14-Paul_ButtiDay7-15-Studio_tour_TS.mp4,,,/assets/captions/gae093.vtt,/assets/captions/gae093-en.vtt
gae094,"Interior St. Margaret's Home, Montreal, QC, 1933",1933,,st. margarets; ,,,45.48186774,-73.58981327,v25347,image;StillImage,image/jpeg,,,,,,image,v25347.jpeg,/objects/v25347.jpeg,/objects/small/v25347_sm.jpg,/objects/thumbs/v25347_th.jpg,,